<?xml version="1.0" encoding="UTF-8"?>
<!DOCTYPE mapper
  PUBLIC "-//mybatis.org//DTD Mapper 3.0//EN"
  "https://mybatis.org/dtd/mybatis-3-mapper.dtd">
<mapper namespace="boardDAO">
	
	<select id="getBoardList_T" parameterType="string" resultType="board">
		SELECT *
		FROM BOARD
		WHERE TITLE LIKE '%'|| #{searchKeyword} ||'%'
		ORDER BY SEQ DESC
	</select>
	<select id="getBoardList_C" parameterType="string" resultType="board">
		SELECT *
		FROM BOARD
		WHERE CONTENT LIKE '%'|| #{searchKeyword} ||'%'
		ORDER BY SEQ DESC
	</select>
	
	<select id="getBoardList" parameterType="board" resultType="board">
		SELECT * 
		FROM BOARD
		<where>
			<if test='searchCondition == "TITLE" and searchKeyword != ""'>
				AND TITLE LIKE '%' || #{searchKeyword} || '%'
			</if>
			<if test='searchCondition == "CONTENT" and searchKeyword != ""'>
				AND CONTENT LIKE '%' || #{searchKeyword} || '%'
			</if>
		</where>
		ORDER BY SEQ DESC
	</select>
	
	<select id="getBoard" parameterType="board" resultType="board">
		SELECT * 
		FROM BOARD 
		WHERE SEQ = #{seq}
	</select>
	
	<insert id="insertBoard" parameterType="board">
		INSERT INTO BOARD (SEQ, TITLE, WRITER, CONTENT)
		VALUES ((SELECT NVL(MAX(SEQ),0) + 1 FROM BOARD), #{title}, #{writer}, #{content})
	</insert>
	
	<update id="updateBoard" parameterType="board">
		UPDATE BOARD 
		SET TITLE = #{title}, 
			CONTENT = #{content} 
		WHERE SEQ = #{seq}
	</update>
	
	<delete id="deleteBoard" parameterType="board">
		DELETE FROM BOARD WHERE SEQ = #{seq}
	</delete>
	
</mapper>
