<?xml version="1.0" encoding="UTF-8"?>
<beans xmlns="http://www.springframework.org/schema/beans"
	xmlns:xsi="http://www.w3.org/2001/XMLSchema-instance"
	xmlns:context="http://www.springframework.org/schema/context"
	xsi:schemaLocation="http://www.springframework.org/schema/beans http://www.springframework.org/schema/beans/spring-beans.xsd
		http://www.springframework.org/schema/context http://www.springframework.org/schema/context/spring-context-4.3.xsd">

	<context:component-scan base-package="com.spring.biz"></context:component-scan>
	
	<!-- ==== Spring JDBC 관련 설정 ==== -->
	<!-- DataSource 설정 -->
	<bean id="dataSource" class="org.apache.commons.dbcp2.BasicDataSource"
			destroy-method="close">
		<property name="driverClassName" value="oracle.jdbc.OracleDriver" />
		<property name="url" value="jdbc:oracle:thin:@localhost:1521:xe" />
		<property name="username" value="mystudy" />
		<property name="password" value="mystudypw" />
	</bean>
	
	<!-- 스프링JDBC : JdbcTemplate 객체 생성 -->
	<bean id="jdbcTemplate" class="org.springframework.jdbc.core.JdbcTemplate">
		<property name="dataSource" ref="dataSource" />
		<!-- dataSource 필드에 위에 bean태그 id값 dataSource 주입 -->
	</bean>
	
</beans>
