<?xml version="1.0" encoding="UTF-8"?>
<beans xmlns="http://www.springframework.org/schema/beans"
	xmlns:xsi="http://www.w3.org/2001/XMLSchema-instance"
	xsi:schemaLocation="http://www.springframework.org/schema/beans http://www.springframework.org/schema/beans/spring-beans.xsd">
	
	<!-- 스프링 HandlerMapping 등록 -->
	<bean class="org.springframework.web.servlet.handler.SimpleUrlHandlerMapping">
		<property name="mappings">
			<props>
				<prop key="/login.do">login</prop>
				<prop key="/logout.do">logout</prop>
				<prop key="/getBoardList.do">getBoardList</prop>
				<prop key="/getBoard.do">getBoard</prop>
				
				<prop key="/insertBoard.do">insertBoard</prop>
				<prop key="/updateBoard.do">updateBoard</prop>
				<prop key="/deleteBoard.do">deleteBoard</prop>
			</props>
		</property>
	</bean>
	
	<!-- 요청을 처리할 Controller 등록 -->
	<bean id="login" class="com.spring.biz.view.user.LoginController" />
	<bean id="logout" class="com.spring.biz.view.user.LogoutController"></bean>
	<bean id="getBoardList" class="com.spring.biz.view.board.GetBoardListController" />
	<bean id="getBoard" class="com.spring.biz.view.board.GetBoardController" />
	<bean id="insertBoard" class="com.spring.biz.view.board.InsertBoardController"></bean>
	<bean id="updateBoard" class="com.spring.biz.view.board.UpdateBoardController"></bean>
	<bean id="deleteBoard" class="com.spring.biz.view.board.DeleteBoardController"></bean>
	
	<!-- 스프링 ViewResolver 등록 -->
	<bean class="org.springframework.web.servlet.view.InternalResourceViewResolver">
		<property name="prefix" value="/WEB-INF/board/" />
		<property name="suffix" value=".jsp" />
	</bean>
</beans>