<?xml version="1.0" encoding="UTF-8"?>
<beans xmlns="http://www.springframework.org/schema/beans"
	xmlns:xsi="http://www.w3.org/2001/XMLSchema-instance"
	xmlns:p="http://www.springframework.org/schema/p"
	xsi:schemaLocation="http://www.springframework.org/schema/beans http://www.springframework.org/schema/beans/spring-beans.xsd">
	
	<!-- === 생성자를 이용한 의존성 주입(DI) === -->
	<bean id="tv2Samsung" class="polymorphism03.SamsungTV"> 
		<constructor-arg ref="sony" />
		<constructor-arg value="1000000" /> 
	</bean>
	
	<bean id="sony" class="polymorphism03.SonySpeaker"/>
		
	<!-- 생성자에 전달되는 값 순서 sony, 200, 100 -->
	<bean id="tv2Samsung2" class="polymorphism03.SamsungTV">
		<constructor-arg ref="sony" />
		<constructor-arg value="200" type="int"/>
		<constructor-arg value="100" type="int"/>
	</bean>	
		
	<!-- 생성자에 전달되는 인수(파라미터값) 순서를 index 속성으로 변경 가능(0부터) 
		전달되는 값 순서 sony, 200, 100 -->
	<bean id="tv2Samsung3" class="polymorphism03.SamsungTV">
		<constructor-arg ref="sony" index="0"/>
		<constructor-arg value="100" type="int" index="2"/>
		<constructor-arg value="200" type="int" index="1"/>
	</bean>	
	
	<!-- ===== set 메소드(setter)를 이용한 의존주입(DI) ===== -->
	<bean id="tv3Samsung" class="polymorphism03.SamsungTV">
		<property name="speaker" ref="sony3" /> <!-- name = "필드변수명" -->
		<property name="price" value="1100000" />	
		<property name="width" value="220" />	
		<property name="height" value="110" />	
	</bean>
	<bean id="sony3" class="polymorphism03.SonySpeaker" />

	<bean id="tv3Samsung2" class="polymorphism03.SamsungTV" 
		p:speaker-ref="sony3" p:price="5670000"
		p:width="300" p:height="220" />
</beans>
