<?xml version="1.0" encoding="UTF-8"?>
<beans xmlns="http://www.springframework.org/schema/beans"
	xmlns:xsi="http://www.w3.org/2001/XMLSchema-instance"
	xmlns:context="http://www.springframework.org/schema/context"
	xmlns:aop="http://www.springframework.org/schema/aop"
	xsi:schemaLocation="http://www.springframework.org/schema/beans http://www.springframework.org/schema/beans/spring-beans.xsd
		http://www.springframework.org/schema/context http://www.springframework.org/schema/context/spring-context-4.3.xsd
		http://www.springframework.org/schema/aop http://www.springframework.org/schema/aop/spring-aop-4.3.xsd">

	<context:component-scan base-package="com.spring.biz"></context:component-scan>
	
	<!-- ==== AOP 설정(xmlns:aop 추가) ===== -->
	<!-- *Impl 클래스의 모든 메소드 실행전 LogAdvice printLog() 실행 -->
 
<!--
	<bean id="log" class="com.spring.biz.common.LogAdvice" />
	
	<aop:config>
		<aop:pointcut expression="execution(* com.spring.biz..*Impl.*(..))" id="allPointcut"/> 
		<aop:aspect ref="log">
			<aop:before pointcut-ref="allPointcut" method="printLog"/>
		</aop:aspect>
	</aop:config> 
-->
	<!-- pointcut : AOP 설정을 적용할 메소드 
		.. 하위 모든 폴더 
		*Impl로 끝나는 
		* 모든 메소드 -->
	
	<!-- Log4jAdvice 클래스 사용 로그 남기기 -->
	<bean id="log4j" class="com.spring.biz.common.Log4jAdvice" />
	<aop:config>
		<!-- 포인트컷(pointcut) : 핵심관심 중 AOP 적용 대상으로 선정할 메소드 설정 -->
		<aop:pointcut expression="execution(* com.spring.biz..*Impl.*(..))" id="allPointcut"/> 
		<aop:pointcut expression="execution(* com.spring.biz..*Impl.get*(..))" id="getPointcut"/>
		<!-- 애스팩트(aspect) : 적용대상(pointcut)과 적용할 횡단관심(advice) 연결 -->
		<aop:aspect ref="log4j">
			<aop:before pointcut-ref="getPointcut" method="printLogging"/>
		</aop:aspect>
	</aop:config>

	
	
</beans>
