<?xml version="1.0" encoding="UTF-8"?>
<beans xmlns="http://www.springframework.org/schema/beans"
	xmlns:xsi="http://www.w3.org/2001/XMLSchema-instance"
	xmlns:context="http://www.springframework.org/schema/context"
	xmlns:mvc="http://www.springframework.org/schema/mvc"
	xsi:schemaLocation="http://www.springframework.org/schema/mvc http://www.springframework.org/schema/mvc/spring-mvc-4.3.xsd
		http://www.springframework.org/schema/beans http://www.springframework.org/schema/beans/spring-beans.xsd
		http://www.springframework.org/schema/context http://www.springframework.org/schema/context/spring-context-4.3.xsd">

	<context:component-scan base-package="com.spring.biz.view" />
	
	<!-- 어노테이션 설정 방식을 사용 + 기타 다양한 객체 생성 -->
	<mvc:annotation-driven />
	
	<!-- 파일업로드 관련 설정(multipartResolver) 
		Resolver 명칭이 있는 객체명은 대체로 정해져 있음-->
	<bean id="multipartResolver"
		class="org.springframework.web.multipart.commons.CommonsMultipartResolver">
		<property name="maxUploadSize" value="10000000"></property>
	</bean>
	
	<!-- 예외처리를 위한 설정 (개발할 때는 주석처리) -->
	<!-- <bean id="exceptionResolver"
		class="org.springframework.web.servlet.handler.SimpleMappingExceptionResolver">
		<property name="defaultErrorView" value="/common/error.jsp"></property>
		<property name="exceptionMappings">
			<props>
				<prop key="java.lang.IllegalArgumentException">
					common/illegalArgError.jsp
				</prop>
				<prop key="java.lang.NullPointerException">
					common/nullPointerError.jsp
				</prop>	
			</props>
		</property>
	</bean> -->
	
	<!-- 정적 데이터 사용 위치 설정 -->
	<mvc:resources location="/resources/" mapping="/resources/**" />
	<mvc:resources location="/resources/images/" mapping="/imgs/**" />
	<mvc:resources location="/resources/css/" mapping="/css/**" />
	<mvc:resources location="/resources/js/" mapping="/js/**" />
	
</beans>
